Workbook

Sheet Raw Data
A1: Date | B1: Product | C1: Category | D1: Region | E1: Units | F1: Unit Price (INR) | G1: Revenue (INR) | H1: Month
A2: 46023 | B2: Wireless Earbuds | C2: Electronics | D2: South | E2: 2 | F2: 1972 | G2: =E2*F2 -> 3944 | H2: =TEXT(A2,"mmm-yy") -> Jan-26
A3: 46024 | B3: Basmati Rice 5kg | C3: Grocery | D3: North | E3: 5 | F3: 608 | G3: =E3*F3 -> 3040 | H3: =TEXT(A3,"mmm-yy") -> Jan-26
A4: 46024 | B4: Face Serum | C4: Beauty | D4: North | E4: 1 | F4: 789 | G4: =E4*F4 -> 789 | H4: =TEXT(A4,"mmm-yy") -> Jan-26
A5: 46025 | B5: Cotton T-Shirt | C5: Apparel | D5: South | E5: 1 | F5: 499 | G5: =E5*F5 -> 499 | H5: =TEXT(A5,"mmm-yy") -> Jan-26
A6: 46025 | B6: Basmati Rice 5kg | C6: Grocery | D6: West | E6: 5 | F6: 665 | G6: =E6*F6 -> 3325 | H6: =TEXT(A6,"mmm-yy") -> Jan-26
A7: 46026 | B7: LED Desk Lamp | C7: Home & Kitchen | D7: South | E7: 1 | F7: 912 | G7: =E7*F7 -> 912 | H7: =TEXT(A7,"mmm-yy") -> Jan-26
A8: 46026 | B8: Basmati Rice 5kg | C8: Grocery | D8: South | E8: 3 | F8: 641 | G8: =E8*F8 -> 1923 | H8: =TEXT(A8,"mmm-yy") -> Jan-26
A9: 46027 | B9: Cold Pressed Oil 1L | C9: Grocery | D9: West | E9: 1 | F9: 389 | G9: =E9*F9 -> 389 | H9: =TEXT(A9,"mmm-yy") -> Jan-26
A10: 46027 | B10: Smart Watch | C10: Electronics | D10: East | E10: 3 | F10: 3420 | G10: =E10*F10 -> 10260 | H10: =TEXT(A10,"mmm-yy") -> Jan-26
A11: 46028 | B11: Basmati Rice 5kg | C11: Grocery | D11: West | E11: 1 | F11: 645 | G11: =E11*F11 -> 645 | H11: =TEXT(A11,"mmm-yy") -> Jan-26
A12: 46029 | B12: Ceramic Mug Set | C12: Home & Kitchen | D12: East | E12: 5 | F12: 579 | G12: =E12*F12 -> 2895 | H12: =TEXT(A12,"mmm-yy") -> Jan-26
A13: 46030 | B13: Basmati Rice 5kg | C13: Grocery | D13: East | E13: 2 | F13: 604 | G13: =E13*F13 -> 1208 | H13: =TEXT(A13,"mmm-yy") -> Jan-26
... A474: 46203 | B474: Denim Jacket | C474: Apparel | D474: East | E474: 1 | F474: 2466 | G474: =E474*F474 -> 2466 | H474: =TEXT(A474,"mmm-yy") -> Jun-26

Sheet Dashboard
L1: Product | M1: Revenue
B2: Sales Performance Dashboard | L2: Wireless Earbuds | M2: =SUMIF('Raw Data'!$B$2:$B$474,L2,'Raw Data'!$G$2:$G$474) -> 135893
B3: Jan – Jun 2026 · Source: Raw Data sheet (live formulas) | L3: Smart Watch | M3: =SUMIF('Raw Data'!$B$2:$B$474,L3,'Raw Data'!$G$2:$G$474) -> 496788
L4: Bluetooth Speaker | M4: =SUMIF('Raw Data'!$B$2:$B$474,L4,'Raw Data'!$G$2:$G$474) -> 174977
B5: Total Revenue (INR) | D5: Total Units Sold | F5: Total Orders | H5: Avg Order Value (INR) | L5: Cotton T-Shirt | M5: =SUMIF('Raw Data'!$B$2:$B$474,L5,'Raw Data'!$G$2:$G$474) -> 43725
B6: =SUM('Raw Data'!G2:G474) -> 1956460 | D6: =SUM('Raw Data'!E2:E474) -> 1448 | F6: =COUNTA('Raw Data'!A2:A474) -> 473 | H6: =SUM('Raw Data'!G2:G474)/COUNTA('Raw Data'!A2:A474) -> 4136.2791 | L6: Denim Jacket | M6: =SUMIF('Raw Data'!$B$2:$B$474,L6,'Raw Data'!$G$2:$G$474) -> 193061
L7: Running Shoes | M7: =SUMIF('Raw Data'!$B$2:$B$474,L7,'Raw Data'!$G$2:$G$474) -> 287880
L8: Non-stick Pan Set | M8: =SUMIF('Raw Data'!$B$2:$B$474,L8,'Raw Data'!$G$2:$G$474) -> 157966
L9: LED Desk Lamp | M9: =SUMIF('Raw Data'!$B$2:$B$474,L9,'Raw Data'!$G$2:$G$474) -> 136637
B10: Revenue by Category | F10: Revenue by Region | L10: Ceramic Mug Set | M10: =SUMIF('Raw Data'!$B$2:$B$474,L10,'Raw Data'!$G$2:$G$474) -> 52341
B11: Category | C11: Revenue (INR) | D11: Units Sold | F11: Region | G11: Revenue (INR) | L11: Face Serum | M11: =SUMIF('Raw Data'!$B$2:$B$474,L11,'Raw Data'!$G$2:$G$474) -> 95234
B12: Electronics | C12: =SUMIF('Raw Data'!$C$2:$C$474,B12,'Raw Data'!$G$2:$G$474) -> 807658 | D12: =SUMIF('Raw Data'!$C$2:$C$474,B12,'Raw Data'!$E$2:$E$474) -> 331 | F12: North | G12: =SUMIF('Raw Data'!$D$2:$D$474,F12,'Raw Data'!$G$2:$G$474) -> 455788 | L12: Herbal Shampoo | M12: =SUMIF('Raw Data'!$B$2:$B$474,L12,'Raw Data'!$G$2:$G$474) -> 46968
B13: Apparel | C13: =SUMIF('Raw Data'!$C$2:$C$474,B13,'Raw Data'!$G$2:$G$474) -> 524666 | D13: =SUMIF('Raw Data'!$C$2:$C$474,B13,'Raw Data'!$E$2:$E$474) -> 274 | F13: South | G13: =SUMIF('Raw Data'!$D$2:$D$474,F13,'Raw Data'!$G$2:$G$474) -> 426220 | L13: Basmati Rice 5kg | M13: =SUMIF('Raw Data'!$B$2:$B$474,L13,'Raw Data'!$G$2:$G$474) -> 81191
B14: Home & Kitchen | C14: =SUMIF('Raw Data'!$C$2:$C$474,B14,'Raw Data'!$G$2:$G$474) -> 346944 | D14: =SUMIF('Raw Data'!$C$2:$C$474,B14,'Raw Data'!$E$2:$E$474) -> 332 | F14: East | G14: =SUMIF('Raw Data'!$D$2:$D$474,F14,'Raw Data'!$G$2:$G$474) -> 591847 | L14: Cold Pressed Oil 1L | M14: =SUMIF('Raw Data'!$B$2:$B$474,L14,'Raw Data'!$G$2:$G$474) -> 53799
B15: Beauty | C15: =SUMIF('Raw Data'!$C$2:$C$474,B15,'Raw Data'!$G$2:$G$474) -> 142202 | D15: =SUMIF('Raw Data'!$C$2:$C$474,B15,'Raw Data'!$E$2:$E$474) -> 253 | F15: West | G15: =SUMIF('Raw Data'!$D$2:$D$474,F15,'Raw Data'!$G$2:$G$474) -> 482605
B16: Grocery | C16: =SUMIF('Raw Data'!$C$2:$C$474,B16,'Raw Data'!$G$2:$G$474) -> 134990 | D16: =SUMIF('Raw Data'!$C$2:$C$474,B16,'Raw Data'!$E$2:$E$474) -> 258
B19: Monthly Revenue Trend | F19: Top Products by Revenue
B20: Month | C20: Revenue (INR) | F20: Product | G20: Revenue (INR)
B21: Jan-26 | C21: =SUMIF('Raw Data'!$H$2:$H$474,B21,'Raw Data'!$G$2:$G$474) -> 268576 | F21: =INDEX($L$2:$L$14,MATCH(G21,$M$2:$M$14,0)) -> Smart Watch | G21: =LARGE($M$2:$M$14,1) -> 496788
B22: Feb-26 | C22: =SUMIF('Raw Data'!$H$2:$H$474,B22,'Raw Data'!$G$2:$G$474) -> 298326 | F22: =INDEX($L$2:$L$14,MATCH(G22,$M$2:$M$14,0)) -> Running Shoes | G22: =LARGE($M$2:$M$14,2) -> 287880
B23: Mar-26 | C23: =SUMIF('Raw Data'!$H$2:$H$474,B23,'Raw Data'!$G$2:$G$474) -> 369041 | F23: =INDEX($L$2:$L$14,MATCH(G23,$M$2:$M$14,0)) -> Denim Jacket | G23: =LARGE($M$2:$M$14,3) -> 193061
B24: Apr-26 | C24: =SUMIF('Raw Data'!$H$2:$H$474,B24,'Raw Data'!$G$2:$G$474) -> 315334 | F24: =INDEX($L$2:$L$14,MATCH(G24,$M$2:$M$14,0)) -> Bluetooth Speaker | G24: =LARGE($M$2:$M$14,4) -> 174977
B25: May-26 | C25: =SUMIF('Raw Data'!$H$2:$H$474,B25,'Raw Data'!$G$2:$G$474) -> 404507 | F25: =INDEX($L$2:$L$14,MATCH(G25,$M$2:$M$14,0)) -> Non-stick Pan Set | G25: =LARGE($M$2:$M$14,5) -> 157966
B26: Jun-26 | C26: =SUMIF('Raw Data'!$H$2:$H$474,B26,'Raw Data'!$G$2:$G$474) -> 300676
